{
  "n_estimators": 1375,
  "learning_rate": 0.004279039623018466,
  "num_leaves": 236,
  "max_depth": -1,
  "min_child_samples": 5,
  "subsample": 0.6180595485388006,
  "colsample_bytree": 0.5034841689655514,
  "reg_alpha": 0.0909324846443747,
  "reg_lambda": 3.5534415513555353,
  "min_split_gain": 0.0015146214605931824,
  "objective": "regression",
  "verbosity": -1,
  "random_state": 42,
  "n_jobs": -1
}