{
  "oof_mse": 0.49372054377364416,
  "oof_pcc": 0.8151220143243123,
  "ens_mse": 0.6416868670286485,
  "ens_pcc": 0.7486078935874814,
  "val_mse_mean": 0.49392906195503483,
  "val_mse_std": 0.09974986492898948,
  "val_pcc_mean": 0.8123732977852981,
  "val_pcc_std": 0.04119723008076978,
  "test_mse_mean": 0.6764378102220411,
  "test_mse_std": 0.03425515450964623,
  "test_pcc_mean": 0.7355823233931769,
  "test_pcc_std": 0.013739165000845962,
  "n_splits": 5,
  "ecfp_radius": 2,
  "ecfp_bits": 2048
}