{
  "oof_mse": 0.6672078798360966,
  "oof_pcc": 0.73862325438216,
  "ens_mse": 0.5146614314222947,
  "ens_pcc": 0.8088535750852393,
  "val_mse_mean": 0.6672078798360966,
  "val_mse_std": 0.07948598838876889,
  "val_pcc_mean": 0.7397084483506738,
  "val_pcc_std": 0.041362914445242795,
  "test_mse_mean": 0.5770073405932387,
  "test_mse_std": 0.08675073825787946,
  "test_pcc_mean": 0.7795178823893947,
  "test_pcc_std": 0.03887039618698184,
  "n_splits": 5,
  "ecfp_radius": 2,
  "ecfp_bits": 2048
}