{
  "oof_mse": 0.5378212889764522,
  "oof_pcc": 0.750363317588431,
  "ens_mse": 0.4198446697292762,
  "ens_pcc": 0.8406199409692988,
  "val_mse_mean": 0.5378340976784676,
  "val_mse_std": 0.04822999001087357,
  "val_pcc_mean": 0.7517753866671483,
  "val_pcc_std": 0.010766415308994852,
  "test_mse_mean": 0.4451325510974641,
  "test_mse_std": 0.019100445161686557,
  "test_pcc_mean": 0.8273855486906386,
  "test_pcc_std": 0.00792513268860606,
  "n_splits": 5,
  "ecfp_radius": 2,
  "ecfp_bits": 2048
}